{"cameraMode":{"drawMode":0,"name":"Shaded","section":"Shading Mode"},"sceneLighting":true,"audioPlay":false,"sceneViewState":{"m_AlwaysRefresh":false,"showFog":true,"showSkybox":true,"showFlares":true,"showImageEffects":true,"showParticleSystems":true,"showVisualEffectGraphs":true,"m_FxEnabled":true},"in2DMode":false,"pivot":{"x":0.5788956880569458,"y":0.4506053924560547,"z":4.083355903625488},"rotation":{"x":0.19498802721500398,"y":0.6372359395027161,"z":-0.17122530937194825,"w":0.7256712913513184},"size":0.9860731363296509,"orthographic":false}